time,pos_x,pos_y,pos_z,rot_x,rot_y,rot_z
54.87674,0.022979,1.10005,-1.565651,305.8152,187.1713,88.05666
