time,pos_x,pos_y,pos_z,rot_x,rot_y,rot_z
24.75792,0.10195,1.10005,0.514908,329.2541,184.3246,112.0868
