time,pos_x,pos_y,pos_z,rot_x,rot_y,rot_z
20.38415,0.080647,1.10005,-1.427325,321.0616,184.1097,108.4034
20.39468,0.080647,1.10005,-1.427325,321.0616,184.1097,108.4034
