time,pos_x,pos_y,pos_z,rot_x,rot_y,rot_z
51.3237,-0.039397,1.10005,-1.566518,306.8611,184.3848,92.037
51.33374,-0.039397,1.10005,-1.566518,306.8611,184.3848,92.037
