time,pos_x,pos_y,pos_z,rot_x,rot_y,rot_z
32.47241,0.041517,1.10005,0.478456,329.0644,180.8573,114.5155
32.47944,0.041517,1.10005,0.478456,329.0644,180.8573,114.5155
