time,pos_x,pos_y,pos_z,rot_x,rot_y,rot_z
20.38415,-0.007461,1.10005,0.369182,327.6686,208.4022,291.2222
20.39468,-0.007461,1.10005,0.369182,327.6686,208.4022,291.2222
