time,pos_x,pos_y,pos_z,rot_x,rot_y,rot_z
32.47241,0,1.10005,-1.474334,307.0589,218.6087,298.0103
32.47944,0,1.10005,-1.474334,307.0589,218.6087,298.0103
