time,pos_x,pos_y,pos_z,rot_x,rot_y,rot_z
54.87674,-0.007549,1.10005,0.298337,324.3122,207.5275,297.683
