time,pos_x,pos_y,pos_z,rot_x,rot_y,rot_z
51.3237,0.014656,1.10005,0.477148,325.8167,209.4561,290.0155
51.33374,0.014656,1.10005,0.477148,325.8167,209.4561,290.0155
