time,pos_x,pos_y,pos_z,rot_x,rot_y,rot_z
24.75792,-0.081928,1.10005,-1.551922,307.0935,215.7177,300.7448
