time,pos_x,pos_y,pos_z,rot_x,rot_y,rot_z
64.93034,0.11275,1.10005,0.584208,326.8451,207.9891,276.576
