time,pos_x,pos_y,pos_z,rot_x,rot_y,rot_z
80.58826,0.164695,1.10005,0.614374,329.2796,212.3686,256.3322
80.5993,0.164695,1.10005,0.614374,329.2796,212.3686,256.3322
