time,pos_x,pos_y,pos_z,rot_x,rot_y,rot_z
83.63492,0.155869,1.10005,0.496051,328.454,213.5518,254.7384
