time,pos_x,pos_y,pos_z,rot_x,rot_y,rot_z
69.85236,0.148256,1.10005,0.603524,328.2501,209.9736,266.5715
