time,pos_x,pos_y,pos_z,rot_x,rot_y,rot_z
74.60416,0.123603,1.10005,0.524405,328.1132,212.1669,260.0448
74.61356,0.123603,1.10005,0.524405,328.1132,212.1669,260.0448
