time,pos_x,pos_y,pos_z,rot_x,rot_y,rot_z
15.1244,-3.452959,2.05005,-0.078141,305.3052,159.6419,39.41785
15.12811,-3.452959,2.05005,-0.078141,305.3052,159.6419,39.41785
15.13205,-3.452959,2.05005,-0.078141,305.3052,159.6419,39.41785
15.13686,-3.452959,2.05005,-0.078141,305.3052,159.6419,39.41785
