time,pos_x,pos_y,pos_z,rot_x,rot_y,rot_z
15.1244,3.443885,2.05005,-0.152841,34.88352,186.5232,310.743
15.12811,3.443885,2.05005,-0.152841,34.88352,186.5232,310.743
15.13205,3.443885,2.05005,-0.152841,34.88352,186.5232,310.743
15.13686,3.443885,2.05005,-0.152841,34.88352,186.5232,310.743
